{"ruscorpora_upos_cbow_300_20_2019":{"утюг_NOUN":{"электроплитка_NOUN":0.6176168322563171,"сковородка_NOUN":0.5810118913650513,"паяльник_NOUN":0.5748884677886963,"глажка_NOUN":0.5688446760177612,"примус_NOUN":0.5533910989761353,"чайник_NOUN":0.5462815165519714,"кипятильник_NOUN":0.5455749034881592,"тазик_NOUN":0.5404434204101562,"конфорка_NOUN":0.5334503650665283,"электробритва_NOUN":0.5172758102416992}}}